source_id;Reference1;Reference2;Study;species;citation;country;site;comments;pubmed_id;sampling
5800;56;;46;Anopheles funestus;Moiroux N, Damien GB, Egrot M, et al. 2014. Human exposure to early morning Anopheles funestus biting behaviour and personal protection provided by long-lasting insecticidal nets. PLoS One 9: e104967;Benin;Lokohoue;;25115830;
5800;57;;46;Anopheles funestus;Moiroux N, Damien GB, Egrot M, et al. 2014. Human exposure to early morning Anopheles funestus biting behaviour and personal protection provided by long-lasting insecticidal nets. PLoS One 9: e104967;Benin;Tokoli-V;;25115830;
5800;58;;47;Anopheles funestus;Moiroux N, Gomez MB, Pennetier C, Elanga E, et al. 2012. Changes in Anopheles funestus biting behaviour following universal coverage of long-lasting insecticidal nets in Benin. Journal of Infectious Diseases 206: 1622-1629;Benin;Tokoli-V;;25115830;
5800;59;;47;Anopheles funestus;Moiroux N, Gomez MB, Pennetier C, Elanga E, et al. 2012. Changes in Anopheles funestus biting behaviour following universal coverage of long-lasting insecticidal nets in Benin. Journal of Infectious Diseases 206: 1622-1629;Benin;Lokohoue;;25115830;
5800;60;;47;Anopheles funestus;Moiroux N, Gomez MB, Pennetier C, Elanga E, et al. 2012. Changes in Anopheles funestus biting behaviour following universal coverage of long-lasting insecticidal nets in Benin. Journal of Infectious Diseases 206: 1622-1629;Benin;Tokoli-V;;25115830;
5800;61;;47;Anopheles funestus;Moiroux N, Gomez MB, Pennetier C, Elanga E, et al. 2012. Changes in Anopheles funestus biting behaviour following universal coverage of long-lasting insecticidal nets in Benin. Journal of Infectious Diseases 206: 1622-1629;Benin;Lokohoue;;25115830;
5800;62;;47;Anopheles funestus;Moiroux N, Gomez MB, Pennetier C, Elanga E, et al. 2012. Changes in Anopheles funestus biting behaviour following universal coverage of long-lasting insecticidal nets in Benin. Journal of Infectious Diseases 206: 1622-1629;Benin;Tokoli-V;;25115830;
5800;63;;47;Anopheles funestus;Moiroux N, Gomez MB, Pennetier C, Elanga E, et al. 2012. Changes in Anopheles funestus biting behaviour following universal coverage of long-lasting insecticidal nets in Benin. Journal of Infectious Diseases 206: 1622-1629;Benin;Lokohoue;;25115830;
5800;;17;46;Homo sapiens;Moiroux N, Damien GB, Egrot M, et al. 2014. Human exposure to early morning Anopheles funestus biting behaviour and personal protection provided by long-lasting insecticidal nets. PLoS One 9: e104967;Benin;Lokohoue;;25115830;
5800;;18;46;Homo sapiens;Moiroux N, Damien GB, Egrot M, et al. 2014. Human exposure to early morning Anopheles funestus biting behaviour and personal protection provided by long-lasting insecticidal nets. PLoS One 9: e104967;Benin;Tokoli-V;;25115830;
;15;;14;Anopheles gambiae;Dambach P, Schleicher M, Korir P, et al. 2018. Nightly biting cycles of Anopheles species in rural Northwestern Burkina Faso. Journal of Medical Entomology 55: 1027-1034 ;Burkina Faso;Nouna;;29635478;
;16;;14;Anopheles funestus;Dambach P, Schleicher M, Korir P, et al. 2018. Nightly biting cycles of Anopheles species in rural Northwestern Burkina Faso. Journal of Medical Entomology 55: 1027-1034 ;Burkina Faso;Nouna;;29635478;
;17;;14;Anopheles nili;Dambach P, Schleicher M, Korir P, et al. 2018. Nightly biting cycles of Anopheles species in rural Northwestern Burkina Faso. Journal of Medical Entomology 55: 1027-1034 ;Burkina Faso;Nouna;;29635478;
;18;;14;Anopheles coustani;Dambach P, Schleicher M, Korir P, et al. 2018. Nightly biting cycles of Anopheles species in rural Northwestern Burkina Faso. Journal of Medical Entomology 55: 1027-1034 ;Burkina Faso;Nouna;;29635478;
;19;;14;Anopheles gambiae;Dambach P, Schleicher M, Korir P, et al. 2018. Nightly biting cycles of Anopheles species in rural Northwestern Burkina Faso. Journal of Medical Entomology 55: 1027-1034 ;Burkina Faso;Nouna;;29635478;
;20;;14;Anopheles gambiae;Dambach P, Schleicher M, Korir P, et al. 2018. Nightly biting cycles of Anopheles species in rural Northwestern Burkina Faso. Journal of Medical Entomology 55: 1027-1034 ;Burkina Faso;Nouna;;29635478;
;21;;14;Anopheles gambiae;Dambach P, Schleicher M, Korir P, et al. 2018. Nightly biting cycles of Anopheles species in rural Northwestern Burkina Faso. Journal of Medical Entomology 55: 1027-1034 ;Burkina Faso;Nouna;;29635478;
;22;;14;Anopheles gambiae;Dambach P, Schleicher M, Korir P, et al. 2018. Nightly biting cycles of Anopheles species in rural Northwestern Burkina Faso. Journal of Medical Entomology 55: 1027-1034 ;Burkina Faso;Nouna;;29635478;
5781;42;;28;Anopheles gambiae;Huho B, Briet O, Seyuom A, et al. 2013. Consistently high estimates for the proportion of human exposure to malaria vector populations occurring indoors in rural Africa. International Journal of Epidemiology 42: 235-247;Burkina Faso;Oubritenga;;23396849;
5781;43;;28;Anopheles funestus;Huho B, Briet O, Seyuom A, et al. 2013. Consistently high estimates for the proportion of human exposure to malaria vector populations occurring indoors in rural Africa. International Journal of Epidemiology 42: 235-247;Burkina Faso;Oubritenga;;23396849;
5781;44;;28;Anopheles gambiae;Huho B, Briet O, Seyuom A, et al. 2013. Consistently high estimates for the proportion of human exposure to malaria vector populations occurring indoors in rural Africa. International Journal of Epidemiology 42: 235-247;Burkina Faso;Kourweogo;;23396849;
5781;45;;28;Anopheles funestus;Huho B, Briet O, Seyuom A, et al. 2013. Consistently high estimates for the proportion of human exposure to malaria vector populations occurring indoors in rural Africa. International Journal of Epidemiology 42: 235-247;Burkina Faso;Kourweogo;;23396849;
5781;;11;28;Homo sapiens;Huho B, Briet O, Seyuom A, et al. 2013. Consistently high estimates for the proportion of human exposure to malaria vector populations occurring indoors in rural Africa. International Journal of Epidemiology 42: 235-247;Burkina Faso;Oubritenga;;23396849;
5781;;12;28;Homo sapiens;Huho B, Briet O, Seyuom A, et al. 2013. Consistently high estimates for the proportion of human exposure to malaria vector populations occurring indoors in rural Africa. International Journal of Epidemiology 42: 235-247;Burkina Faso;Oubritenga;;23396849;
5781;;13;28;Homo sapiens;Huho B, Briet O, Seyuom A, et al. 2013. Consistently high estimates for the proportion of human exposure to malaria vector populations occurring indoors in rural Africa. International Journal of Epidemiology 42: 235-247;Burkina Faso;Kourweogo;;23396849;
5781;;14;28;Homo sapiens;Huho B, Briet O, Seyuom A, et al. 2013. Consistently high estimates for the proportion of human exposure to malaria vector populations occurring indoors in rural Africa. International Journal of Epidemiology 42: 235-247;Burkina Faso;Kourweogo;;23396849;
5868;108;;69;Anopheles funestus;Tanga MC, Ngundu WI 2010. Ecological transition from natural forest to tea plantation: effect on the dynamics of malaria vectors in the highlands of Cameroon. Trans R Soc Trop Med Hyg 104: 659-668;Cameroon;Likoko;;20817233;
5868;109;;69;Anopheles gambiae;Tanga MC, Ngundu WI 2010. Ecological transition from natural forest to tea plantation: effect on the dynamics of malaria vectors in the highlands of Cameroon. Trans R Soc Trop Med Hyg 104: 659-668;Cameroon;Likoko;;20817233;
5868;110;;69;Anopheles hancocki;Tanga MC, Ngundu WI 2010. Ecological transition from natural forest to tea plantation: effect on the dynamics of malaria vectors in the highlands of Cameroon. Trans R Soc Trop Med Hyg 104: 659-668;Cameroon;Likoko;;20817233;
5722;111;;70;Anopheles funestus;Tanga, M.C., Ngundu, W.I. and Tchouassi, P.D. (2011).  Daily survival and human blood index of major malaria vectors associated with oil palm cultivation in Cameroon and their role in malaria transmission. Tropical Medicine & International Health, 16(4):447-457;Cameroon;Esuke camp;;21244587;
5722;112;;70;Anopheles gambiae sl;Tanga, M.C., Ngundu, W.I. and Tchouassi, P.D. (2011).  Daily survival and human blood index of major malaria vectors associated with oil palm cultivation in Cameroon and their role in malaria transmission. Tropical Medicine & International Health, 16(4):447-457;Cameroon;Esuke camp;;21244587;
5722;113;;70;Anopheles hancocki;Tanga, M.C., Ngundu, W.I. and Tchouassi, P.D. (2011).  Daily survival and human blood index of major malaria vectors associated with oil palm cultivation in Cameroon and their role in malaria transmission. Tropical Medicine & International Health, 16(4):447-457;Cameroon;Esuke camp;;21244587;
5722;114;;70;Anopheles nili;Tanga, M.C., Ngundu, W.I. and Tchouassi, P.D. (2011).  Daily survival and human blood index of major malaria vectors associated with oil palm cultivation in Cameroon and their role in malaria transmission. Tropical Medicine & International Health, 16(4):447-457;Cameroon;Esuke camp;;21244587;
;;1;8;Homo sapiens;Borchers C, Randler C. 2012. Sleep-wake cycles of adolescents in Cote d'Ivoire: influence of age, gender, religion and occupation. Chronobiology International 20: 1366-1375;Cote D'Ivoire;;;;
;120;;75;Anopheles gambiae;Wat'senga F, Zola Manzambi E, Lunkula A, et al. 2018. Nationwide insecticide resistance status and biting behaviour of malaria vector species in the Democratic Republic of Congo. Malaria Journal 17: 129;Democratic Republic of Congo;Kabondo;;29580247;
;121;;75;Anopheles gambiae;Wat'senga F, Zola Manzambi E, Lunkula A, et al. 2018. Nationwide insecticide resistance status and biting behaviour of malaria vector species in the Democratic Republic of Congo. Malaria Journal 17: 129;Democratic Republic of Congo;Kingasani;;29580247;
;122;;75;Anopheles gambiae;Wat'senga F, Zola Manzambi E, Lunkula A, et al. 2018. Nationwide insecticide resistance status and biting behaviour of malaria vector species in the Democratic Republic of Congo. Malaria Journal 17: 129;Democratic Republic of Congo;Lodja;;29580247;
;123;;75;Anopheles gambiae;Wat'senga F, Zola Manzambi E, Lunkula A, et al. 2018. Nationwide insecticide resistance status and biting behaviour of malaria vector species in the Democratic Republic of Congo. Malaria Journal 17: 129;Democratic Republic of Congo;Kapolowe;;29580247;
;124;;75;Anopheles gambiae;Wat'senga F, Zola Manzambi E, Lunkula A, et al. 2018. Nationwide insecticide resistance status and biting behaviour of malaria vector species in the Democratic Republic of Congo. Malaria Journal 17: 129;Democratic Republic of Congo;Katana;;29580247;
;125;;75;Anopheles gambiae;Wat'senga F, Zola Manzambi E, Lunkula A, et al. 2018. Nationwide insecticide resistance status and biting behaviour of malaria vector species in the Democratic Republic of Congo. Malaria Journal 17: 129;Democratic Republic of Congo;Kalemie;;29580247;
;126;;75;Anopheles funestus;Wat'senga F, Zola Manzambi E, Lunkula A, et al. 2018. Nationwide insecticide resistance status and biting behaviour of malaria vector species in the Democratic Republic of Congo. Malaria Journal 17: 129;Democratic Republic of Congo;Mikalayi;;29580247;
;127;;75;Anopheles funestus;Wat'senga F, Zola Manzambi E, Lunkula A, et al. 2018. Nationwide insecticide resistance status and biting behaviour of malaria vector species in the Democratic Republic of Congo. Malaria Journal 17: 129;Democratic Republic of Congo;Lodja;;29580247;
;128;;75;Anopheles funestus;Wat'senga F, Zola Manzambi E, Lunkula A, et al. 2018. Nationwide insecticide resistance status and biting behaviour of malaria vector species in the Democratic Republic of Congo. Malaria Journal 17: 129;Democratic Republic of Congo;Kapolowe;;29580247;
;12;;10;Anopheles coluzzi;Bradley J, Lines J, Fuseini G, Schwabe C, et al. 2015. Outdoor biting by Anopheles mosquitoes on Bioko Island does not currently impact on malaria control. Malaria Journal 14: 170;Equatorial Guinea ;Bioko Island;also some melas;25895674;
5818;85;;55;Anopheles gambiae ss;Overgaard HJ, Reddy VP, Abaga S, Matias A, Reddy MR, et al. 2012. Malaria transmission after five years of vector control on Bioko island, Equatorial Guinea. Parasites & Vectors 5: 253;Equatorial Guinea ;Mongola;99.7% An gambiae ss;23146423;
5818;86;;55;Anopheles melas;Overgaard HJ, Reddy VP, Abaga S, Matias A, Reddy MR, et al. 2012. Malaria transmission after five years of vector control on Bioko island, Equatorial Guinea. Parasites & Vectors 5: 253;Equatorial Guinea ;ArenaBlanca;88.6% An melas;23146423;
5818;87;;55;Anopheles melas;Overgaard HJ, Reddy VP, Abaga S, Matias A, Reddy MR, et al. 2012. Malaria transmission after five years of vector control on Bioko island, Equatorial Guinea. Parasites & Vectors 5: 253;Equatorial Guinea ;Riaba;81.4% An melas;23146423;
5750;91;;60;Anopheles gambiae ss;Reddy, M.R., Overgaard, H.J., Abaga, S., Reddy, V.P., Caccone, A., Kiszewski, A.E. and Slotman, M.A. (2011).  Outdoor host seeking behaviour of Anopheles gambiae mosquitoes following initiation of malaria vector control on Bioko Island, Equatorial Guinea. Malaria Journal, 10(1):184;Equatorial Guinea ;Punta Europa;;21736750;
5750;92;;60;Anopheles melas;Reddy, M.R., Overgaard, H.J., Abaga, S., Reddy, V.P., Caccone, A., Kiszewski, A.E. and Slotman, M.A. (2011).  Outdoor host seeking behaviour of Anopheles gambiae mosquitoes following initiation of malaria vector control on Bioko Island, Equatorial Guinea. Malaria Journal, 10(1):184;Equatorial Guinea ;Punta Europa;;21736750;
5750;93;;60;Anopheles gambiae ss;Reddy, M.R., Overgaard, H.J., Abaga, S., Reddy, V.P., Caccone, A., Kiszewski, A.E. and Slotman, M.A. (2011).  Outdoor host seeking behaviour of Anopheles gambiae mosquitoes following initiation of malaria vector control on Bioko Island, Equatorial Guinea. Malaria Journal, 10(1):184;Equatorial Guinea ;Mongola;;21736750;
5750;94;;60;Anopheles gambiae ss;Reddy, M.R., Overgaard, H.J., Abaga, S., Reddy, V.P., Caccone, A., Kiszewski, A.E. and Slotman, M.A. (2011).  Outdoor host seeking behaviour of Anopheles gambiae mosquitoes following initiation of malaria vector control on Bioko Island, Equatorial Guinea. Malaria Journal, 10(1):184;Equatorial Guinea ;Punta Europa;;21736750;
5750;95;;60;Anopheles melas;Reddy, M.R., Overgaard, H.J., Abaga, S., Reddy, V.P., Caccone, A., Kiszewski, A.E. and Slotman, M.A. (2011).  Outdoor host seeking behaviour of Anopheles gambiae mosquitoes following initiation of malaria vector control on Bioko Island, Equatorial Guinea. Malaria Journal, 10(1):184;Equatorial Guinea ;Punta Europa;;21736750;
;;2;10;Homo sapiens;Bradley J, Lines J, Fuseini G, Schwabe C, et al. 2015. Outdoor biting by Anopheles mosquitoes on Bioko Island does not currently impact on malaria control. Malaria Journal 14: 170;Equatorial Guinea ;Bioko Island;;25895674;
;129;;82;unspecified;Sherrard-Smith, E., J. E. Skarp, A. D. Beale, C. Fornadel, L. C. Norris, S. J. Moore, S. Mihreteab, J. D. Charlwood, S. Bhatt, P. Winskill, J. T. Griffin, and T. S. Churcher. 2019. Mosquito feeding behavior and how it influences residual malaria transmission across Africa, Proc Natl Acad Sci U S A.;Eritrea;;;31285346;
;130;;82;unspecified;Sherrard-Smith, E., J. E. Skarp, A. D. Beale, C. Fornadel, L. C. Norris, S. J. Moore, S. Mihreteab, J. D. Charlwood, S. Bhatt, P. Winskill, J. T. Griffin, and T. S. Churcher. 2019. Mosquito feeding behavior and how it influences residual malaria transmission across Africa, Proc Natl Acad Sci U S A.;Eritrea;;;31285346;
;131;;82;unspecified;Sherrard-Smith, E., J. E. Skarp, A. D. Beale, C. Fornadel, L. C. Norris, S. J. Moore, S. Mihreteab, J. D. Charlwood, S. Bhatt, P. Winskill, J. T. Griffin, and T. S. Churcher. 2019. Mosquito feeding behavior and how it influences residual malaria transmission across Africa, Proc Natl Acad Sci U S A.;Eritrea;;;31285346;
;132;;82;unspecified;Sherrard-Smith, E., J. E. Skarp, A. D. Beale, C. Fornadel, L. C. Norris, S. J. Moore, S. Mihreteab, J. D. Charlwood, S. Bhatt, P. Winskill, J. T. Griffin, and T. S. Churcher. 2019. Mosquito feeding behavior and how it influences residual malaria transmission across Africa, Proc Natl Acad Sci U S A.;Eritrea;;;31285346;
;133;;82;unspecified;Sherrard-Smith, E., J. E. Skarp, A. D. Beale, C. Fornadel, L. C. Norris, S. J. Moore, S. Mihreteab, J. D. Charlwood, S. Bhatt, P. Winskill, J. T. Griffin, and T. S. Churcher. 2019. Mosquito feeding behavior and how it influences residual malaria transmission across Africa, Proc Natl Acad Sci U S A.;Eritrea;;;31285346;
;134;;82;unspecified;Sherrard-Smith, E., J. E. Skarp, A. D. Beale, C. Fornadel, L. C. Norris, S. J. Moore, S. Mihreteab, J. D. Charlwood, S. Bhatt, P. Winskill, J. T. Griffin, and T. S. Churcher. 2019. Mosquito feeding behavior and how it influences residual malaria transmission across Africa, Proc Natl Acad Sci U S A.;Eritrea;;;31285346;
;135;;82;unspecified;Sherrard-Smith, E., J. E. Skarp, A. D. Beale, C. Fornadel, L. C. Norris, S. J. Moore, S. Mihreteab, J. D. Charlwood, S. Bhatt, P. Winskill, J. T. Griffin, and T. S. Churcher. 2019. Mosquito feeding behavior and how it influences residual malaria transmission across Africa, Proc Natl Acad Sci U S A.;Eritrea;;;31285346;
;136;;82;unspecified;Sherrard-Smith, E., J. E. Skarp, A. D. Beale, C. Fornadel, L. C. Norris, S. J. Moore, S. Mihreteab, J. D. Charlwood, S. Bhatt, P. Winskill, J. T. Griffin, and T. S. Churcher. 2019. Mosquito feeding behavior and how it influences residual malaria transmission across Africa, Proc Natl Acad Sci U S A.;Eritrea;;;31285346;
;137;;82;unspecified;Sherrard-Smith, E., J. E. Skarp, A. D. Beale, C. Fornadel, L. C. Norris, S. J. Moore, S. Mihreteab, J. D. Charlwood, S. Bhatt, P. Winskill, J. T. Griffin, and T. S. Churcher. 2019. Mosquito feeding behavior and how it influences residual malaria transmission across Africa, Proc Natl Acad Sci U S A.;Eritrea;;;31285346;
;138;;82;unspecified;Sherrard-Smith, E., J. E. Skarp, A. D. Beale, C. Fornadel, L. C. Norris, S. J. Moore, S. Mihreteab, J. D. Charlwood, S. Bhatt, P. Winskill, J. T. Griffin, and T. S. Churcher. 2019. Mosquito feeding behavior and how it influences residual malaria transmission across Africa, Proc Natl Acad Sci U S A.;Eritrea;;;31285346;
;139;;82;unspecified;Sherrard-Smith, E., J. E. Skarp, A. D. Beale, C. Fornadel, L. C. Norris, S. J. Moore, S. Mihreteab, J. D. Charlwood, S. Bhatt, P. Winskill, J. T. Griffin, and T. S. Churcher. 2019. Mosquito feeding behavior and how it influences residual malaria transmission across Africa, Proc Natl Acad Sci U S A.;Eritrea;;;31285346;
;48;;30;Anopheles arabiensis;Kenea O, Balkew M, Tekie H, et al. 2016. Human-biting activities of Anopheles species in south-central Ethiopia. Parasites & Vectors 9: 527;Ethiopia;Edo Kontola;;27716416;
;49;;30;Anopheles pharoensis;Kenea O, Balkew M, Tekie H, et al. 2016. Human-biting activities of Anopheles species in south-central Ethiopia. Parasites & Vectors 9: 527;Ethiopia;Edo Kontola;;27716416;
;50;;30;Anopheles zeimanni;Kenea O, Balkew M, Tekie H, et al. 2016. Human-biting activities of Anopheles species in south-central Ethiopia. Parasites & Vectors 9: 527;Ethiopia;Edo Kontola;;27716416;
;51;;30;Anopheles funestus sl;Kenea O, Balkew M, Tekie H, et al. 2016. Human-biting activities of Anopheles species in south-central Ethiopia. Parasites & Vectors 9: 527;Ethiopia;Edo Kontola;;27716416;
5801;64;;49;Anopheles gambiae ss;Mourou J-R, Coffinet T, Jarjaval F, Cotteaux C, Pradines E, Godefroy L, Kombila M, Pages F. 2012. Malaria transmission in Libreville: results of a one year survey. Malaria Journal 11: 40;Gabon;Okoume Palace - Camp des Boys;predominantly S form=s.s.;22321336;
5801;65;;49;Anopheles gambiae ss;Mourou J-R, Coffinet T, Jarjaval F, Cotteaux C, Pradines E, Godefroy L, Kombila M, Pages F. 2012. Malaria transmission in Libreville: results of a one year survey. Malaria Journal 11: 40;Gabon;Alibandeng;predominantly S form=s.s.;22321336;
5801;66;;49;Anopheles gambiae ss;Mourou J-R, Coffinet T, Jarjaval F, Cotteaux C, Pradines E, Godefroy L, Kombila M, Pages F. 2012. Malaria transmission in Libreville: results of a one year survey. Malaria Journal 11: 40;Gabon;Beau-sejour;predominantly S form=s.s.;22321336;
5801;67;;49;Anopheles gambiae ss;Mourou J-R, Coffinet T, Jarjaval F, Cotteaux C, Pradines E, Godefroy L, Kombila M, Pages F. 2012. Malaria transmission in Libreville: results of a one year survey. Malaria Journal 11: 40;Gabon;Sotega;predominantly S form=s.s.;22321336;
;88;;56;Anopheles gambiae ss;Owusu EDA, Buabeng V, Dadzie S, Brown CA, et al. 2016. Characteristics of asymptomatic Plasmodium spp. Parasetaemia in Kwahu-Mpraeso, a malaria endemic mountainous district in Ghana, West Africa. Malaria Journal 15: 1-10;Ghana;Kwahu-Mpraeso;;26801407;
5826;115;;71;Anopheles gambiae ss;Tchouassi, D.P., Quakyi, I.A., Addison, E.A., Bosompem, K.M., Wilson, M.D., Appawu, M.A., Brown, C.A. and Boakye, D.A. (2012).  Characterization of malaria transmission by vector populations for improved interventions during the dry season in the Kpone-on-Sea area of coastal Ghana. Parasites & Vectors, 5(1):212;Ghana;Kpone-on-Sea;;23013551;
5002;116;;72;Anopheles gambiae;Tuno N, Kjaerandsen J, Badu K, Kruppa T. 2010. Blood-feeding behaviour of Anopheles gambiae and Anopheles melas in Ghana, Western Africa. Population and Community Ecology 47: 28-31;Ghana;Afamanaso;;20180305;
5002;117;;72;Anopheles melas;Tuno N, Kjaerandsen J, Badu K, Kruppa T. 2010. Blood-feeding behaviour of Anopheles gambiae and Anopheles melas in Ghana, Western Africa. Population and Community Ecology 47: 28-31;Ghana;Ampain;;20180305;
5002;118;;72;Anopheles gambiae;Tuno N, Kjaerandsen J, Badu K, Kruppa T. 2010. Blood-feeding behaviour of Anopheles gambiae and Anopheles melas in Ghana, Western Africa. Population and Community Ecology 47: 28-31;Ghana;Afamanaso;wet season;20180305;
5002;119;;72;Anopheles melas;Tuno N, Kjaerandsen J, Badu K, Kruppa T. 2010. Blood-feeding behaviour of Anopheles gambiae and Anopheles melas in Ghana, Western Africa. Population and Community Ecology 47: 28-31;Ghana;Ampain;wet season;20180305;
;;19;48;Homo sapiens;Monroe A, Asamoah O, Lam Y, et al. 2015. Outdoor-sleeping and other night-time activities in northern Ghana: implications for residual transmission and malaria prevention. Malaria Journal 14: 35;Ghana;N. Ghana;;25627277;
9019;;;;Anopheles albimanus;"Molez JF, Desenfant P, Jacques JR. Bio-ecology of Anopheles albimanus Wiedeman, 1820 (Diptera : Culicidae) in Haiti (Hispaniola). Bulletin de la Societe de Pathologie Exotique. 1998;91(4):334-9.";Haiti;Laborde;;9846229;MBO
9019;;;;Anopheles albimanus;"Molez JF, Desenfant P, Jacques JR. Bio-ecology of Anopheles albimanus Wiedeman, 1820 (Diptera : Culicidae) in Haiti (Hispaniola). Bulletin de la Societe de Pathologie Exotique. 1998;91(4):334-9.";Haiti;Laborde;;9846229;MBI
9026;;;;Anopheles albimanus;Briet, Impoinvil et al submitted;Haiti;Dame Marie ;;NA;MBO
9026;;;;Anopheles albimanus;Briet, Impoinvil et al submitted;Haiti;Dame Marie ;;NA;MBI
9027;;;;Anopheles albimanus;"Desenfant P. Rôle et bioécologie de A. albimanus (Wiedemann, 1820) vecteur du paludisme en Haiti: Université de Paris-Sud; 1988.";Haiti;Bellevue;;NA;MBO
9027;;;;Anopheles albimanus;"Desenfant P. Rôle et bioécologie de A. albimanus (Wiedemann, 1820) vecteur du paludisme en Haiti: Université de Paris-Sud; 1988.";Haiti;Bellevue;;NA;MBI
9027;;;;Anopheles albimanus;"Desenfant P. Rôle et bioécologie de A. albimanus (Wiedemann, 1820) vecteur du paludisme en Haiti: Université de Paris-Sud; 1988.";Haiti;EM48;;NA;MBO
9027;;;;Anopheles albimanus;"Desenfant P. Rôle et bioécologie de A. albimanus (Wiedemann, 1820) vecteur du paludisme en Haiti: Université de Paris-Sud; 1988.";Haiti;EM48;;NA;MBI
9027;;;;Anopheles albimanus;"Desenfant P. Rôle et bioécologie de A. albimanus (Wiedemann, 1820) vecteur du paludisme en Haiti: Université de Paris-Sud; 1988.";Haiti;Laborde;;NA;MBO
9027;;;;Anopheles albimanus;"Desenfant P. Rôle et bioécologie de A. albimanus (Wiedemann, 1820) vecteur du paludisme en Haiti: Université de Paris-Sud; 1988.";Haiti;Laborde;;NA;MBI
;;;;Homo sapiens;Knutson, K.L. Sleep duration, quality, and timing and their associations with age in a community without electricity in Haiti, Am J Hum. Biol, 2014, 26: 80-86.;Haiti;Fondwa;sleep;24243559;BED
1935;;;;Anopheles minimus;"Dev V. Anopheles minimus: Its bionomics and role in the transmission of malaria in Assam, India. Bulletin of the World Health Organization. 1996;74(1):61-6.";India;Assam;;8653817;MBI
1935;;;;Anopheles philippinensis;"Dev V. Anopheles minimus: Its bionomics and role in the transmission of malaria in Assam, India. Bulletin of the World Health Organization. 1996;74(1):61-6.";India;Assam;;8653817;MBI
9025;;;;Anopheles culicifacies;"Singh N, Mishra AK, Chand SK, Sharma VP. Population dynamics of Anopheles culicifacies and malaria in the tribal area of central India. J Am Mosq Control Assoc. 1999;15(3):283-90.";India;Dungaria;summer;10480116;MBO
9025;;;;Anopheles culicifacies;"Singh N, Mishra AK, Chand SK, Sharma VP. Population dynamics of Anopheles culicifacies and malaria in the tribal area of central India. J Am Mosq Control Assoc. 1999;15(3):283-90.";India;Dungaria;monsoon;10480116;MBI
9025;;;;Anopheles culicifacies;"Singh N, Mishra AK, Chand SK, Sharma VP. Population dynamics of Anopheles culicifacies and malaria in the tribal area of central India. J Am Mosq Control Assoc. 1999;15(3):283-90.";India;Dungaria;monsoon;10480116;MBO
9025;;;;Anopheles culicifacies;"Singh N, Mishra AK, Chand SK, Sharma VP. Population dynamics of Anopheles culicifacies and malaria in the tribal area of central India. J Am Mosq Control Assoc. 1999;15(3):283-90.";India;Dungaria;summer;10480116;MBI
9011;;;;Anopheles vagus;"Ndoen E, Wild C, Dale P, Sipe N, Dale M. Dusk to dawn activity patterns of anopheline mosquitoes in West Timor and Java, Indonesia. Southeast Asian J Trop Med Public Health. 2011;42(3):550-61.";Indonesia;Java;;20846447;MB
9011;;;;Anopheles aconitus;"Ndoen E, Wild C, Dale P, Sipe N, Dale M. Dusk to dawn activity patterns of anopheline mosquitoes in West Timor and Java, Indonesia. Southeast Asian J Trop Med Public Health. 2011;42(3):550-61.";Indonesia;pooled;;20846447;MB
9011;;;;Anopheles barbirostris;"Ndoen E, Wild C, Dale P, Sipe N, Dale M. Dusk to dawn activity patterns of anopheline mosquitoes in West Timor and Java, Indonesia. Southeast Asian J Trop Med Public Health. 2011;42(3):550-61.";Indonesia;pooled;;20846447;MB
9011;;;;Anopheles subpictus;"Ndoen E, Wild C, Dale P, Sipe N, Dale M. Dusk to dawn activity patterns of anopheline mosquitoes in West Timor and Java, Indonesia. Southeast Asian J Trop Med Public Health. 2011;42(3):550-61.";Indonesia;pooled;;20846447;MB
9011;;;;Anopheles vagus;"Ndoen E, Wild C, Dale P, Sipe N, Dale M. Dusk to dawn activity patterns of anopheline mosquitoes in West Timor and Java, Indonesia. Southeast Asian J Trop Med Public Health. 2011;42(3):550-61.";Indonesia;WTimor;;20846447;MB
;;20;54;Homo sapiens;Ototo EN, Mbugi JP, Wanjala CL, Zhou G, Githeko AK, Yan G. 2015. Surveillance of malaria vector population density and biting behaviour in western Kenya. Malaria Journal 14: 244;Kenya;Iguho;;26082138;
;4;;6;Anopheles gambiae sl;Bayoh MN, Walker ED, Kosgei J, et al. 2014. Persistently high estimates of late night, indoor exposure to malaria vectors despite high coverage of insecticide treated nets. Parasites & Vectors 7: 380;Kenya;Miwani;;25141761;
;5;;6;Anopheles arabiensis;Bayoh MN, Walker ED, Kosgei J, et al. 2014. Persistently high estimates of late night, indoor exposure to malaria vectors despite high coverage of insecticide treated nets. Parasites & Vectors 7: 380;Kenya;Ahero;;25141761;
;6;;6;Anopheles funestus;Bayoh MN, Walker ED, Kosgei J, et al. 2014. Persistently high estimates of late night, indoor exposure to malaria vectors despite high coverage of insecticide treated nets. Parasites & Vectors 7: 380;Kenya;Ahero;;25141761;
;7;;6;Anopheles arabiensis;Bayoh MN, Walker ED, Kosgei J, et al. 2014. Persistently high estimates of late night, indoor exposure to malaria vectors despite high coverage of insecticide treated nets. Parasites & Vectors 7: 380;Kenya;Asembo;;25141761;
;8;;6;Anopheles funestus;Bayoh MN, Walker ED, Kosgei J, et al. 2014. Persistently high estimates of late night, indoor exposure to malaria vectors despite high coverage of insecticide treated nets. Parasites & Vectors 7: 380;Kenya;Asembo;;25141761;
;9;;6;Anopheles arabiensis;Bayoh MN, Walker ED, Kosgei J, et al. 2014. Persistently high estimates of late night, indoor exposure to malaria vectors despite high coverage of insecticide treated nets. Parasites & Vectors 7: 380;Kenya;Asembo;;25141761;
;10;;6;Anopheles funestus;Bayoh MN, Walker ED, Kosgei J, et al. 2014. Persistently high estimates of late night, indoor exposure to malaria vectors despite high coverage of insecticide treated nets. Parasites & Vectors 7: 380;Kenya;Asembo;;25141761;
;11;;6;Anopheles gambiae ss;Bayoh MN, Walker ED, Kosgei J, et al. 2014. Persistently high estimates of late night, indoor exposure to malaria vectors despite high coverage of insecticide treated nets. Parasites & Vectors 7: 380;Kenya;Asembo;;25141761;
;14;;13;Anopheles arabiensis;Cooke MK, Kahindi SC, Oriango RM, Owaga C, Ayoma E, et al. 2015. 'A bite before bed': exposure to malaria vectors outside the times of net use in the highlands of western Kenya. Malaria Journal 14: 259;Kenya;Rachuonyo;;26109384;
;25;;13;Anopheles funestus;Cooke MK, Kahindi SC, Oriango RM, Owaga C, Ayoma E, et al. 2015. 'A bite before bed': exposure to malaria vectors outside the times of net use in the highlands of western Kenya. Malaria Journal 14: 259;Kenya;Rachuonyo;;26109384;
1573;33;;24;Anopheles gambiae sl;Githeko AK, Adungo NI, Karanja DM, et al. 1996. Some observations on the biting behaviour of Anopheles gambiae ss, An arabiensis and An. funestus and their implications for malaria control. Experimental Parasitology 82: 306-315;Kenya;;;8631382;
1573;34;;24;Anopheles arabiensis;Githeko AK, Adungo NI, Karanja DM, et al. 1996. Some observations on the biting behaviour of Anopheles gambiae ss, An arabiensis and An. funestus and their implications for malaria control. Experimental Parasitology 82: 306-315;Kenya;;;8631382;
1573;35;;24;Anopheles funestus;Githeko AK, Adungo NI, Karanja DM, et al. 1996. Some observations on the biting behaviour of Anopheles gambiae ss, An arabiensis and An. funestus and their implications for malaria control. Experimental Parasitology 82: 306-315;Kenya;;;8631382;
5781;36;;28;Anopheles gambiae;Huho B, Briet O, Seyuom A, et al. 2013. Consistently high estimates for the proportion of human exposure to malaria vector populations occurring indoors in rural Africa. International Journal of Epidemiology 42: 235-247;Kenya;Rarieda;;23396849;
5781;37;;28;Anopheles funestus;Huho B, Briet O, Seyuom A, et al. 2013. Consistently high estimates for the proportion of human exposure to malaria vector populations occurring indoors in rural Africa. International Journal of Epidemiology 42: 235-247;Kenya;Rarieda;;23396849;
;81;;54;Anopheles gambiae sl;Ototo EN, Mbugi JP, Wanjala CL, Zhou G, Githeko AK, Yan G. 2015. Surveillance of malaria vector population density and biting behaviour in western Kenya. Malaria Journal 14: 244;Kenya;W. Kenya;;26082138;
;82;;54;Anopheles funestus;Ototo EN, Mbugi JP, Wanjala CL, Zhou G, Githeko AK, Yan G. 2015. Surveillance of malaria vector population density and biting behaviour in western Kenya. Malaria Journal 14: 244;Kenya;W. Kenya;;26082138;
;;3;13;Homo sapiens;Cooke MK, Kahindi SC, Oriango RM, Owaga C, Ayoma E, et al. 2015. 'A bite before bed': exposure to malaria vectors outside the times of net use in the highlands of western Kenya. Malaria Journal 14: 259;Kenya;Rachuonyo;;26109384;
5781;;5;28;Homo sapiens;Huho B, Briet O, Seyuom A, et al. 2013. Consistently high estimates for the proportion of human exposure to malaria vector populations occurring indoors in rural Africa. International Journal of Epidemiology 42: 235-247;Kenya;Rarieda;;23396849;
5781;;6;28;Homo sapiens;Huho B, Briet O, Seyuom A, et al. 2013. Consistently high estimates for the proportion of human exposure to malaria vector populations occurring indoors in rural Africa. International Journal of Epidemiology 42: 235-247;Kenya;Rarieda;;23396849;
;;21;54;Homo sapiens;Ototo EN, Mbugi JP, Wanjala CL, Zhou G, Githeko AK, Yan G. 2015. Surveillance of malaria vector population density and biting behaviour in western Kenya. Malaria Journal 14: 244;Kenya;Miwani;;26082138;
;;22;54;Homo sapiens;Ototo EN, Mbugi JP, Wanjala CL, Zhou G, Githeko AK, Yan G. 2015. Surveillance of malaria vector population density and biting behaviour in western Kenya. Malaria Journal 14: 244;Kenya;Emakakha;;26082138;
;;23;54;Homo sapiens;Ototo EN, Mbugi JP, Wanjala CL, Zhou G, Githeko AK, Yan G. 2015. Surveillance of malaria vector population density and biting behaviour in western Kenya. Malaria Journal 14: 244;Kenya;Kombewa;;26082138;
1043;54;;44;Anopheles arabiensis;Mendis, C., Jacobsen, J.L., Gamage-Mendis, A., Bule, E., Dgedge, M., Thompson, R., Cuamba, N., Barreto, J., Begtrup, K., Sinden, R.E. and HÃ¸gh, B. (2000).  Anopheles arabiensis and An. funestus are equally important vectors of malaria in Matola coastal suburb of Maputo, southern Mozambique. Medical and Veterinary Entomology, 14(2):171-80;Mozambique;Matola;;10872861;
1043;55;;44;Anopheles funestus;Mendis, C., Jacobsen, J.L., Gamage-Mendis, A., Bule, E., Dgedge, M., Thompson, R., Cuamba, N., Barreto, J., Begtrup, K., Sinden, R.E. and HÃ¸gh, B. (2000).  Anopheles arabiensis and An. funestus are equally important vectors of malaria in Matola coastal suburb of Maputo, southern Mozambique. Medical and Veterinary Entomology, 14(2):171-80;Mozambique;Matola;;10872861;
;;26;81;Homo sapiens;Beale AD, Pedrazzoli M, Goncalves, DSB, Beijamini F, Duarte NE, Egan KJ, Knutson KL, von Schantz M, Roden LC. 2017. Comparison between an African town and a neighbouring village shows delayed, but not decreased, sleep during the early stages of urbanisation. Scientific Reports 7: 5697;Mozambique;;;;
1562;1;;2;Anopheles gambiae sl;Afolabi BM, Amajoh CN, Adewloe TA, Salako LA. 2006. Seasonal and temporal variations in the population and biting habit of mosquitoes on the Atlantic coast of Lagos, Nigeria. Medical Principles and Practice 15: 200-208;Nigeria;Ibeshe Island;;16651836;
1562;2;;2;Anopheles gambiae sl;Afolabi BM, Amajoh CN, Adewloe TA, Salako LA. 2006. Seasonal and temporal variations in the population and biting habit of mosquitoes on the Atlantic coast of Lagos, Nigeria. Medical Principles and Practice 15: 200-208;Nigeria;Ibeshe Island;;16651836;
1562;3;;2;Anopheles gambiae sl;Afolabi BM, Amajoh CN, Adewloe TA, Salako LA. 2006. Seasonal and temporal variations in the population and biting habit of mosquitoes on the Atlantic coast of Lagos, Nigeria. Medical Principles and Practice 15: 200-208;Nigeria;Ibeshe Island;;16651836;
2299;;;;Anopheles farauti;"Hii JL, Smith T, Mai A, Ibam E, Alpers MP. Comparison between anopheline mosquitoes (Diptera: Culicidae) caught using different methods in a malaria endemic area of Papua New Guinea. Bull Entomol Res. 2000;90(3):211-11";PNG;Wosera;;10996862;MBI
2299;;;;Anopheles farauti;"Hii JL, Smith T, Mai A, Ibam E, Alpers MP. Comparison between anopheline mosquitoes (Diptera: Culicidae) caught using different methods in a malaria endemic area of Papua New Guinea. Bull Entomol Res. 2000;90(3):211-12";PNG;Wosera;;10996862;MBO
2299;;;;Anopheles karwari;"Hii JL, Smith T, Mai A, Ibam E, Alpers MP. Comparison between anopheline mosquitoes (Diptera: Culicidae) caught using different methods in a malaria endemic area of Papua New Guinea. Bull Entomol Res. 2000;90(3):211-13";PNG;Wosera;;10996862;MBI
2299;;;;Anopheles karwari;"Hii JL, Smith T, Mai A, Ibam E, Alpers MP. Comparison between anopheline mosquitoes (Diptera: Culicidae) caught using different methods in a malaria endemic area of Papua New Guinea. Bull Entomol Res. 2000;90(3):211-14";PNG;Wosera;;10996862;MBO
2299;;;;Anopheles koliensis;"Hii JL, Smith T, Mai A, Ibam E, Alpers MP. Comparison between anopheline mosquitoes (Diptera: Culicidae) caught using different methods in a malaria endemic area of Papua New Guinea. Bull Entomol Res. 2000;90(3):211-16";PNG;Wosera;;10996862;MBI
2299;;;;Anopheles koliensis;"Hii JL, Smith T, Mai A, Ibam E, Alpers MP. Comparison between anopheline mosquitoes (Diptera: Culicidae) caught using different methods in a malaria endemic area of Papua New Guinea. Bull Entomol Res. 2000;90(3):211-18";PNG;Wosera;;10996862;MBO
2299;;;;Anopheles longirostris;"Hii JL, Smith T, Mai A, Ibam E, Alpers MP. Comparison between anopheline mosquitoes (Diptera: Culicidae) caught using different methods in a malaria endemic area of Papua New Guinea. Bull Entomol Res. 2000;90(3):211-10";PNG;Wosera;;10996862;MBO
2299;;;;Anopheles longirostris;"Hii JL, Smith T, Mai A, Ibam E, Alpers MP. Comparison between anopheline mosquitoes (Diptera: Culicidae) caught using different methods in a malaria endemic area of Papua New Guinea. Bull Entomol Res. 2000;90(3):211-9";PNG;Wosera;;10996862;MBI
2299;;;;Anopheles punctulatus;"Hii JL, Smith T, Mai A, Ibam E, Alpers MP. Comparison between anopheline mosquitoes (Diptera: Culicidae) caught using different methods in a malaria endemic area of Papua New Guinea. Bull Entomol Res. 2000;90(3):211-15";PNG;Wosera;;10996862;MBI
2299;;;;Anopheles punctulatus;"Hii JL, Smith T, Mai A, Ibam E, Alpers MP. Comparison between anopheline mosquitoes (Diptera: Culicidae) caught using different methods in a malaria endemic area of Papua New Guinea. Bull Entomol Res. 2000;90(3):211-17";PNG;Wosera;;10996862;MBO
1540;13;;12;Anopheles coluzzi;Charlwood JD, Pinto J, Ferrara P, et al. 2003. Raised houses reduce mosquito bites. Malaria Journal 2: 45;Sao Tome;Riboque;;14667242;
1385;26;;20;Anopheles gambiae;Fontenille D, Lochouarn L, Diatta M, et al. 1997. Four years' entomological study of the transmission of seasonal malaria in Senegal and the bionomics of Anopheles gambiae and A. arabiensis. Trans R Soc Trop Med Hyg 91: 647-652;Senegal;Dielmo;;9129525;
1385;27;;20;Anopheles arabiensis;Fontenille D, Lochouarn L, Diatta M, et al. 1997. Four years' entomological study of the transmission of seasonal malaria in Senegal and the bionomics of Anopheles gambiae and A. arabiensis. Trans R Soc Trop Med Hyg 91: 647-652;Senegal;Dielmo;;9129525;
;23;;17;Anopheles arabiensis;Ferreira Maia M, et al. 2016. Acrossover study to evaluate the diversion of malaria vectors in a community with incomplete coverage of spatial repellents in the Kilombero Valley, Tanzania. Parasites & Vectors 9: 451;Tanzania;Kilombero;;27527601;
;24;;17;Anopheles funestus;Ferreira Maia M, et al. 2016. Acrossover study to evaluate the diversion of malaria vectors in a community with incomplete coverage of spatial repellents in the Kilombero Valley, Tanzania. Parasites & Vectors 9: 451;Tanzania;Kilombero;;27527601;
2987;30;;23;Anopheles gambiae ss;Geissbuhler et al 2007;Tanzania;Ilala & Temeke Municipalities;;17880679;
2987;31;;23;Anopheles arabiensis;Geissbuhler et al 2007;Tanzania;Ilala & Temeke Municipalities;;17880679;
2987;32;;23;Anopheles gambiae sl;Geissbuhler et al 2007;Tanzania;Ilala & Temeke Municipalities;;17880679;
5781;40;;28;Anopheles gambiae;Huho B, Briet O, Seyuom A, et al. 2013. Consistently high estimates for the proportion of human exposure to malaria vector populations occurring indoors in rural Africa. International Journal of Epidemiology 42: 235-247;Tanzania;Rufiji;;23396849;
5781;41;;28;Anopheles gambiae;Huho B, Briet O, Seyuom A, et al. 2013. Consistently high estimates for the proportion of human exposure to malaria vector populations occurring indoors in rural Africa. International Journal of Epidemiology 42: 235-247;Tanzania;Ulanga;;23396849;
;52;;34;Anopheles gambiae sl;Killeen GF, Kihonda J, Lyimo E, Oketch FR, et al. 2006. Quantifying behavioural interactions between humans and mosquitoes: Evaluating the protective efficacy of insecticidal nets against malaria transmission in rural Tanzania. BMC Infectious Diseases 6: 161;Tanzania;Njagi;;17096840;
;53;;34;Anopheles gambiae sl;Killeen GF, Kihonda J, Lyimo E, Oketch FR, et al. 2006. Quantifying behavioural interactions between humans and mosquitoes: Evaluating the protective efficacy of insecticidal nets against malaria transmission in rural Tanzania. BMC Infectious Diseases 6: 161;Tanzania;Lupiro;;17096840;
5751;96;;61;Anopheles gambiae;Russell TL, Govella NJ, Azizi S, Drakeley CJ, Kachur SP, Killeen GF. 2011. Increased proportions of outdoor feeding among residual malaria vector populations following increased use of insecticide-treated nets in rural Tanzania. Malaria Journal 10: 80;Tanzania;Njagi;;21477321;
5751;97;;61;Anopheles funestus;Russell TL, Govella NJ, Azizi S, Drakeley CJ, Kachur SP, Killeen GF. 2011. Increased proportions of outdoor feeding among residual malaria vector populations following increased use of insecticide-treated nets in rural Tanzania. Malaria Journal 10: 80;Tanzania;Njagi;;21477321;
5751;98;;61;Anopheles gambiae;Russell TL, Govella NJ, Azizi S, Drakeley CJ, Kachur SP, Killeen GF. 2011. Increased proportions of outdoor feeding among residual malaria vector populations following increased use of insecticide-treated nets in rural Tanzania. Malaria Journal 10: 80;Tanzania;Lupiro;;21477321;
5751;99;;61;Anopheles funestus;Russell TL, Govella NJ, Azizi S, Drakeley CJ, Kachur SP, Killeen GF. 2011. Increased proportions of outdoor feeding among residual malaria vector populations following increased use of insecticide-treated nets in rural Tanzania. Malaria Journal 10: 80;Tanzania;Lupiro;;21477321;
5751;100;;61;Anopheles gambiae;Russell TL, Govella NJ, Azizi S, Drakeley CJ, Kachur SP, Killeen GF. 2011. Increased proportions of outdoor feeding among residual malaria vector populations following increased use of insecticide-treated nets in rural Tanzania. Malaria Journal 10: 80;Tanzania;Lupiro;;21477321;
5751;101;;61;Anopheles funestus;Russell TL, Govella NJ, Azizi S, Drakeley CJ, Kachur SP, Killeen GF. 2011. Increased proportions of outdoor feeding among residual malaria vector populations following increased use of insecticide-treated nets in rural Tanzania. Malaria Journal 10: 80;Tanzania;Lupiro;;21477321;
2987;;4;23;Homo sapiens;Geissbuhler et al 2007;Tanzania;Ilala & Temeke Municipalities;;17880679;
5781;;9;28;Homo sapiens;Huho B, Briet O, Seyuom A, et al. 2013. Consistently high estimates for the proportion of human exposure to malaria vector populations occurring indoors in rural Africa. International Journal of Epidemiology 42: 235-247;Tanzania;Rufiji;;23396849;
5781;;10;28;Homo sapiens;Huho B, Briet O, Seyuom A, et al. 2013. Consistently high estimates for the proportion of human exposure to malaria vector populations occurring indoors in rural Africa. International Journal of Epidemiology 42: 235-247;Tanzania;Ulanga;;23396849;
;;15;34;Homo sapiens;Killeen GF, Kihonda J, Lyimo E, Oketch FR, et al. 2006. Quantifying behavioural interactions between humans and mosquitoes: Evaluating the protective efficacy of insecticidal nets against malaria transmission in rural Tanzania. BMC Infectious Diseases 6: 161;Tanzania;Njagi;;17096840;
;;16;34;Homo sapiens;Killeen GF, Kihonda J, Lyimo E, Oketch FR, et al. 2006. Quantifying behavioural interactions between humans and mosquitoes: Evaluating the protective efficacy of insecticidal nets against malaria transmission in rural Tanzania. BMC Infectious Diseases 6: 161;Tanzania;Lupiro;;17096840;
5751;;24;61;Homo sapiens;Russell TL, Govella NJ, Azizi S, Drakeley CJ, Kachur SP, Killeen GF. 2011. Increased proportions of outdoor feeding among residual malaria vector populations following increased use of insecticide-treated nets in rural Tanzania. Malaria Journal 10: 80;Tanzania;;;21477321;
9024;;;;Anopheles epiroticus;"Ritthison W, Tainchum K, Manguin S, Bangs MJ, Chareonviriyaphap T. Biting patterns and host preference of Anopheles epiroticus in Chang Island, Trat Province, eastern Thailand. J Vector Ecol. 2014;39(2):361-71.";Thailand;Chang Island;;25424266;MBO
9024;;;;Anopheles epiroticus;"Ritthison W, Tainchum K, Manguin S, Bangs MJ, Chareonviriyaphap T. Biting patterns and host preference of Anopheles epiroticus in Chang Island, Trat Province, eastern Thailand. J Vector Ecol. 2014;39(2):361-71.";Thailand;Chang Island;;25424266;MBI
;68;;52;Anopheles gambiae sl;Mwesigwa J, Achan J, Di Tanna GL, Affara M, et al. 2017. Residual malaria transmission dynamics varies across The Gambia despite high coverage of control interventions. PLoS One 12: e0187059;The Gambia;NBR;;29095834;
;69;;52;Anopheles gambiae sl;Mwesigwa J, Achan J, Di Tanna GL, Affara M, et al. 2017. Residual malaria transmission dynamics varies across The Gambia despite high coverage of control interventions. PLoS One 12: e0187059;The Gambia;CRR;;29095834;
;70;;52;Anopheles gambiae sl;Mwesigwa J, Achan J, Di Tanna GL, Affara M, et al. 2017. Residual malaria transmission dynamics varies across The Gambia despite high coverage of control interventions. PLoS One 12: e0187059;The Gambia;URR-N;;29095834;
;71;;52;Anopheles gambiae sl;Mwesigwa J, Achan J, Di Tanna GL, Affara M, et al. 2017. Residual malaria transmission dynamics varies across The Gambia despite high coverage of control interventions. PLoS One 12: e0187059;The Gambia;WCR;;29095834;
;72;;52;Anopheles gambiae sl;Mwesigwa J, Achan J, Di Tanna GL, Affara M, et al. 2017. Residual malaria transmission dynamics varies across The Gambia despite high coverage of control interventions. PLoS One 12: e0187059;The Gambia;LRR;;29095834;
;73;;52;Anopheles gambiae sl;Mwesigwa J, Achan J, Di Tanna GL, Affara M, et al. 2017. Residual malaria transmission dynamics varies across The Gambia despite high coverage of control interventions. PLoS One 12: e0187059;The Gambia;URR-S;;29095834;
;74;;52;Anopheles gambiae ss;Mwesigwa J, Achan J, Di Tanna GL, Affara M, et al. 2017. Residual malaria transmission dynamics varies across The Gambia despite high coverage of control interventions. PLoS One 12: e0187059;The Gambia;;;29095834;
;75;;52;Anopheles arabiensis;Mwesigwa J, Achan J, Di Tanna GL, Affara M, et al. 2017. Residual malaria transmission dynamics varies across The Gambia despite high coverage of control interventions. PLoS One 12: e0187059;The Gambia;;;29095834;
;76;;52;Anopheles melas;Mwesigwa J, Achan J, Di Tanna GL, Affara M, et al. 2017. Residual malaria transmission dynamics varies across The Gambia despite high coverage of control interventions. PLoS One 12: e0187059;The Gambia;;;29095834;
;77;;52;Anopheles coluzzi;Mwesigwa J, Achan J, Di Tanna GL, Affara M, et al. 2017. Residual malaria transmission dynamics varies across The Gambia despite high coverage of control interventions. PLoS One 12: e0187059;The Gambia;;;29095834;
1198;89;;59;Anopheles gambiae;Quinones ML, Lines JD, Thomson MC, et al. 1997. Anopheles gambiae gonotrophic cycle duration, biting and exiting behaviour unaffected by permethrin-impregnated bednets in The Gambia. Medical and Veterinary Entomology 11: 71-78;The Gambia;;treated nets;9061680;
1198;90;;59;Anopheles gambiae;Quinones ML, Lines JD, Thomson MC, et al. 1997. Anopheles gambiae gonotrophic cycle duration, biting and exiting behaviour unaffected by permethrin-impregnated bednets in The Gambia. Medical and Veterinary Entomology 11: 71-78;The Gambia;;untreated nets;9061680;
;46;;29;unspecified;Kabbale F, Akol A, Kaddu J, et al. 2013. Biting patterns and seasonality of anopheles gambiae sensu lato and anopheles funestus mosquitoes in Kamuli District, Uganda. Parasites & Vectors 6: 340`;Uganda;Bugabula;;24304974;
;47;;29;unspecified;Kabbale F, Akol A, Kaddu J, et al. 2013. Biting patterns and seasonality of anopheles gambiae sensu lato and anopheles funestus mosquitoes in Kamuli District, Uganda. Parasites & Vectors 6: 340`;Uganda;Budiope;;24304974;
;78;;53;overall;Ojuka P, Boum II Y, Denoeun-Ndam et al 2015 Early biting and insecticide resistance in the malaria vector Anopheles might compromise the effectiveness of vector control intervention in Southwestern Uganda. Malaria Journal 14: 148;Uganda;Engari;rainy, mostly gambiae s.l.;25879539;
;79;;53;overall;Ojuka P, Boum II Y, Denoeun-Ndam et al 2015 Early biting and insecticide resistance in the malaria vector Anopheles might compromise the effectiveness of vector control intervention in Southwestern Uganda. Malaria Journal 14: 148;Uganda;Engari;dry, mostly gambiae s.l.;25879539;
;80;;53;overall;Ojuka P, Boum II Y, Denoeun-Ndam et al 2015 Early biting and insecticide resistance in the malaria vector Anopheles might compromise the effectiveness of vector control intervention in Southwestern Uganda. Malaria Journal 14: 148;Uganda;Kigorogoro;mostly funestus;25879539;
6609;;;;Anopheles dirus;"Manh CD, Beebe NW, Van VN, Quang TL, Lein CT, Nguyen DV, et al. Vectors and malaria transmission in deforested, rural communities in north-central Vietnam. Malar J. 2010;9:259.";Vietnam;Hang Chuon;;20846447;MBO
6609;;;;Anopheles harrisoni;"Manh CD, Beebe NW, Van VN, Quang TL, Lein CT, Nguyen DV, et al. Vectors and malaria transmission in deforested, rural communities in north-central Vietnam. Malar J. 2010;9:259.";Vietnam;Hang Chuon;;20846447;MBO
6609;;;;Anopheles maculatus;"Manh CD, Beebe NW, Van VN, Quang TL, Lein CT, Nguyen DV, et al. Vectors and malaria transmission in deforested, rural communities in north-central Vietnam. Malar J. 2010;9:259.";Vietnam;Hang Chuon;;20846447;MBO
6609;;;;Anopheles sawadwongporni;"Manh CD, Beebe NW, Van VN, Quang TL, Lein CT, Nguyen DV, et al. Vectors and malaria transmission in deforested, rural communities in north-central Vietnam. Malar J. 2010;9:259.";Vietnam;Hang Chuon;;20846447;MBO
6609;;;;Anopheles aconitus;"Manh CD, Beebe NW, Van VN, Quang TL, Lein CT, Nguyen DV, et al. Vectors and malaria transmission in deforested, rural communities in north-central Vietnam. Malar J. 2010;9:259.";Vietnam;Khe Ngang;;20846447;MBO
6609;;;;Anopheles sinensis;"Manh CD, Beebe NW, Van VN, Quang TL, Lein CT, Nguyen DV, et al. Vectors and malaria transmission in deforested, rural communities in north-central Vietnam. Malar J. 2010;9:259.";Vietnam;Khe Ngang;;20846447;MBO
6609;;;;Anopheles aconitus;"Manh CD, Beebe NW, Van VN, Quang TL, Lein CT, Nguyen DV, et al. Vectors and malaria transmission in deforested, rural communities in north-central Vietnam. Malar J. 2010;9:259.";Vietnam;pooled;;20846447;MBO
6609;;;;Anopheles aconitus;"Manh CD, Beebe NW, Van VN, Quang TL, Lein CT, Nguyen DV, et al. Vectors and malaria transmission in deforested, rural communities in north-central Vietnam. Malar J. 2010;9:259.";Vietnam;pooled;;20846447;ABO
6609;;;;Anopheles annularis;"Manh CD, Beebe NW, Van VN, Quang TL, Lein CT, Nguyen DV, et al. Vectors and malaria transmission in deforested, rural communities in north-central Vietnam. Malar J. 2010;9:259.";Vietnam;pooled;;20846447;ABO
6609;;;;Anopheles barbirostris;"Manh CD, Beebe NW, Van VN, Quang TL, Lein CT, Nguyen DV, et al. Vectors and malaria transmission in deforested, rural communities in north-central Vietnam. Malar J. 2010;9:259.";Vietnam;pooled;;20846447;ABO
6609;;;;Anopheles harrisoni;"Manh CD, Beebe NW, Van VN, Quang TL, Lein CT, Nguyen DV, et al. Vectors and malaria transmission in deforested, rural communities in north-central Vietnam. Malar J. 2010;9:259.";Vietnam;pooled;;20846447;ABO
6609;;;;Anopheles kochi;"Manh CD, Beebe NW, Van VN, Quang TL, Lein CT, Nguyen DV, et al. Vectors and malaria transmission in deforested, rural communities in north-central Vietnam. Malar J. 2010;9:259.";Vietnam;pooled;;20846447;ABO
6609;;;;Anopheles maculatus;"Manh CD, Beebe NW, Van VN, Quang TL, Lein CT, Nguyen DV, et al. Vectors and malaria transmission in deforested, rural communities in north-central Vietnam. Malar J. 2010;9:259.";Vietnam;pooled;;20846447;ABO
6609;;;;Anopheles nivipes;"Manh CD, Beebe NW, Van VN, Quang TL, Lein CT, Nguyen DV, et al. Vectors and malaria transmission in deforested, rural communities in north-central Vietnam. Malar J. 2010;9:259.";Vietnam;pooled;;20846447;ABO
6609;;;;Anopheles philippinensis;"Manh CD, Beebe NW, Van VN, Quang TL, Lein CT, Nguyen DV, et al. Vectors and malaria transmission in deforested, rural communities in north-central Vietnam. Malar J. 2010;9:259.";Vietnam;pooled;;20846447;ABO
6609;;;;Anopheles sawadwongporni;"Manh CD, Beebe NW, Van VN, Quang TL, Lein CT, Nguyen DV, et al. Vectors and malaria transmission in deforested, rural communities in north-central Vietnam. Malar J. 2010;9:259.";Vietnam;pooled;;20846447;ABO
6609;;;;Anopheles sinensis;"Manh CD, Beebe NW, Van VN, Quang TL, Lein CT, Nguyen DV, et al. Vectors and malaria transmission in deforested, rural communities in north-central Vietnam. Malar J. 2010;9:259.";Vietnam;pooled;;20846447;MBO
6609;;;;Anopheles sinensis;"Manh CD, Beebe NW, Van VN, Quang TL, Lein CT, Nguyen DV, et al. Vectors and malaria transmission in deforested, rural communities in north-central Vietnam. Malar J. 2010;9:259.";Vietnam;pooled;;20846447;ABO
6609;;;;Anopheles vagus;"Manh CD, Beebe NW, Van VN, Quang TL, Lein CT, Nguyen DV, et al. Vectors and malaria transmission in deforested, rural communities in north-central Vietnam. Malar J. 2010;9:259.";Vietnam;pooled;;20846447;ABO
5958;28;;21;Anopheles arabiensis;Fornadel CM, Norris LC, Glass GE, Norris DE. 2010. Analysis of Anopheles arabiensis blood feeding behaviour in Southern Zambia during the two years after introduction of insecticide-treated bed nets.  The American Journal of Tropical Medicine and Hygiene 83: 848-853;Zambia;Chidakwa and Namwalinda (Macha area);;20889878;
5958;29;;21;Anopheles arabiensis;Fornadel CM, Norris LC, Glass GE, Norris DE. 2010. Analysis of Anopheles arabiensis blood feeding behaviour in Southern Zambia during the two years after introduction of insecticide-treated bed nets.  The American Journal of Tropical Medicine and Hygiene 83: 848-853;Zambia;Chidakwa and Namwalinda (Macha area);;20889878;
5781;38;;28;Anopheles gambiae;Huho B, Briet O, Seyuom A, et al. 2013. Consistently high estimates for the proportion of human exposure to malaria vector populations occurring indoors in rural Africa. International Journal of Epidemiology 42: 235-247;Zambia;Luangwa;;23396849;
5781;39;;28;Anopheles funestus;Huho B, Briet O, Seyuom A, et al. 2013. Consistently high estimates for the proportion of human exposure to malaria vector populations occurring indoors in rural Africa. International Journal of Epidemiology 42: 235-247;Zambia;Luangwa;;23396849;
5825;104;;65;Anopheles funestus;Seyoum, A., Sikaala, C.H., Chanda, J., Chinula, D., Ntamatungiro, A.J., Hawela, M., Miller, J.M., Russell, T.L., Briet, O.J.T. and Killeen, G.F. (2012).  Human exposure to anopheline mosquitoes occurs primarily indoors, even for users of insecticide-treated nets in Luangwa Valley, South-east Zambia. Parasites & Vectors, 5(1):101;Zambia;Chisobe and Nyamumba;nets;22647493;
5825;105;;65;Anopheles quadriannulatus;Seyoum, A., Sikaala, C.H., Chanda, J., Chinula, D., Ntamatungiro, A.J., Hawela, M., Miller, J.M., Russell, T.L., Briet, O.J.T. and Killeen, G.F. (2012).  Human exposure to anopheline mosquitoes occurs primarily indoors, even for users of insecticide-treated nets in Luangwa Valley, South-east Zambia. Parasites & Vectors, 5(1):101;Zambia;Chisobe and Nyamumba;nets;22647493;
5825;106;;65;Anopheles funestus;Seyoum, A., Sikaala, C.H., Chanda, J., Chinula, D., Ntamatungiro, A.J., Hawela, M., Miller, J.M., Russell, T.L., Briet, O.J.T. and Killeen, G.F. (2012).  Human exposure to anopheline mosquitoes occurs primarily indoors, even for users of insecticide-treated nets in Luangwa Valley, South-east Zambia. Parasites & Vectors, 5(1):101;Zambia;Chisobe and Nyamumba;nets+ IRS;22647493;
5825;107;;65;Anopheles quadriannulatus;Seyoum, A., Sikaala, C.H., Chanda, J., Chinula, D., Ntamatungiro, A.J., Hawela, M., Miller, J.M., Russell, T.L., Briet, O.J.T. and Killeen, G.F. (2012).  Human exposure to anopheline mosquitoes occurs primarily indoors, even for users of insecticide-treated nets in Luangwa Valley, South-east Zambia. Parasites & Vectors, 5(1):101;Zambia;Chisobe and Nyamumba;nets+ IRS;22647493;
5781;;7;28;Homo sapiens;Huho B, Briet O, Seyuom A, et al. 2013. Consistently high estimates for the proportion of human exposure to malaria vector populations occurring indoors in rural Africa. International Journal of Epidemiology 42: 235-247;Zambia;Luangwa;;23396849;
5781;;8;28;Homo sapiens;Huho B, Briet O, Seyuom A, et al. 2013. Consistently high estimates for the proportion of human exposure to malaria vector populations occurring indoors in rural Africa. International Journal of Epidemiology 42: 235-247;Zambia;Luangwa;;23396849;
5825;;25;65;Homo sapiens;Seyoum, A., Sikaala, C.H., Chanda, J., Chinula, D., Ntamatungiro, A.J., Hawela, M., Miller, J.M., Russell, T.L., Briet, O.J.T. and Killeen, G.F. (2012).  Human exposure to anopheline mosquitoes occurs primarily indoors, even for users of insecticide-treated nets in Luangwa Valley, South-east Zambia. Parasites & Vectors, 5(1):101;Zambia;Chisobe and Nyamumba;;22647493;
;102;;62;Anopheles funestus;Sande S, Zimba M, Chinwada P et al. 2016. Biting behaviour of Anopheles funestus populations in Mutare and Mutasa districts, Manicaland province, Zimbabwe: Implications for the malaria control programme. Journal of Vector Borne Disease 53: 118-126;Zimbabwe;Mutare (Burma Valley);;;
;103;;62;Anopheles funestus;Sande S, Zimba M, Chinwada P et al. 2016. Biting behaviour of Anopheles funestus populations in Mutare and Mutasa districts, Manicaland province, Zimbabwe: Implications for the malaria control programme. Journal of Vector Borne Disease 53: 118-126;Zimbabwe;Mutasa (Zindi);;;
